precision,recall,f1-score,support
0.9558668709674057,0.9893195818454468,0.9723055717542277,92693.0
0.663494221617947,0.3155512447462011,0.42769500438212094,6186.0
,,0.9471677504829135,98879.0
0.8096805462926764,0.6524354132958239,0.7000002880681744,98879.0
0.9375756543402579,0.9471677504829135,0.938234019960987,98879.0
