precision,recall,f1-score,support
0.9595200670648643,0.9878523728868415,0.9734801167321379,92693.0
0.6735285590026094,0.37552537989007434,0.48220031136481567,6186.0
,,0.9495443926415114,98879.0
0.8165243130337368,0.6816888763884579,0.7278402140484768,98879.0
0.9416280630106859,0.9495443926415114,0.9427450073964624,98879.0
