precision,recall,f1-score,support
0.9575945210620134,0.9910457100320412,0.974032996861481,92693.0
0.7184531886024423,0.34238603297769155,0.463761769213926,6186.0
,,0.9504647093922876,98879.0
0.8380238548322279,0.6667158715048664,0.7188973830377035,98879.0
0.9426335254755398,0.9504647093922876,0.9421097592253016,98879.0
